﻿<?xml version="1.0" encoding="UTF-8"?>
<MobileAppInfo xmlns="http://v8.1c.ru/8.3/mobile-application/app" xmlns:xs="http://www.w3.org/2001/XMLSchema" xmlns:xsi="http://www.w3.org/2001/XMLSchema-instance" name="КонсольКодаМоб2" id="c966b42e-7d89-11e9-e29f-240a64d0b985" lastUpdateUUID="ed204433-2edb-408f-b0af-3b4657b6af77" formatVersion="3" defaultLanguage="Language.Русский">
	<synonym>
		<item xmlns="http://v8.1c.ru/8.1/data/core">
			<lang>ru</lang>
			<content>Консоль кода на мобильном 2</content>
		</item>
	</synonym>
	<language name="Русский" id="c966b8de-7d89-11e9-e29f-240a64d0b985" languageCode="ru">
		<synonym>
			<item xmlns="http://v8.1c.ru/8.1/data/core">
				<lang>ru</lang>
				<content>Русский</content>
			</item>
		</synonym>
	</language>
	<requiredPermission>
		<permission xmlns="http://v8.1c.ru/8.2/managed-application/core">Location</permission>
		<use xmlns="http://v8.1c.ru/8.2/managed-application/core">true</use>
	</requiredPermission>
	<requiredPermission>
		<permission xmlns="http://v8.1c.ru/8.2/managed-application/core">Contacts</permission>
		<use xmlns="http://v8.1c.ru/8.2/managed-application/core">true</use>
	</requiredPermission>
	<requiredPermission>
		<permission xmlns="http://v8.1c.ru/8.2/managed-application/core">Calendars</permission>
		<use xmlns="http://v8.1c.ru/8.2/managed-application/core">true</use>
	</requiredPermission>
	<requiredPermission>
		<permission xmlns="http://v8.1c.ru/8.2/managed-application/core">PushNotification</permission>
		<use xmlns="http://v8.1c.ru/8.2/managed-application/core">true</use>
	</requiredPermission>
	<requiredPermission>
		<permission xmlns="http://v8.1c.ru/8.2/managed-application/core">LocalNotification</permission>
		<use xmlns="http://v8.1c.ru/8.2/managed-application/core">true</use>
	</requiredPermission>
	<requiredPermission>
		<permission xmlns="http://v8.1c.ru/8.2/managed-application/core">Print</permission>
		<use xmlns="http://v8.1c.ru/8.2/managed-application/core">true</use>
	</requiredPermission>
	<requiredPermission>
		<permission xmlns="http://v8.1c.ru/8.2/managed-application/core">InAppPurchases</permission>
		<use xmlns="http://v8.1c.ru/8.2/managed-application/core">true</use>
	</requiredPermission>
	<requiredPermission>
		<permission xmlns="http://v8.1c.ru/8.2/managed-application/core">Ads</permission>
		<use xmlns="http://v8.1c.ru/8.2/managed-application/core">true</use>
	</requiredPermission>
	<requiredPermission>
		<permission xmlns="http://v8.1c.ru/8.2/managed-application/core">BackgroundLocation</permission>
		<use xmlns="http://v8.1c.ru/8.2/managed-application/core">true</use>
	</requiredPermission>
	<requiredPermission>
		<permission xmlns="http://v8.1c.ru/8.2/managed-application/core">BackgroundAudioPlayback</permission>
		<use xmlns="http://v8.1c.ru/8.2/managed-application/core">true</use>
	</requiredPermission>
	<requiredPermission>
		<permission xmlns="http://v8.1c.ru/8.2/managed-application/core">FileExchangeWithPersonalComputer</permission>
		<use xmlns="http://v8.1c.ru/8.2/managed-application/core">true</use>
	</requiredPermission>
	<requiredPermission>
		<permission xmlns="http://v8.1c.ru/8.2/managed-application/core">PermissionGroupPhone</permission>
		<use xmlns="http://v8.1c.ru/8.2/managed-application/core">true</use>
	</requiredPermission>
	<requiredPermission>
		<permission xmlns="http://v8.1c.ru/8.2/managed-application/core">PermissionGroupCallLog</permission>
		<use xmlns="http://v8.1c.ru/8.2/managed-application/core">true</use>
	</requiredPermission>
	<requiredPermission>
		<permission xmlns="http://v8.1c.ru/8.2/managed-application/core">PermissionGroupSMS</permission>
		<use xmlns="http://v8.1c.ru/8.2/managed-application/core">true</use>
	</requiredPermission>
	<requiredPermission>
		<permission xmlns="http://v8.1c.ru/8.2/managed-application/core">CallPhone</permission>
		<use xmlns="http://v8.1c.ru/8.2/managed-application/core">true</use>
	</requiredPermission>
	<requiredPermission>
		<permission xmlns="http://v8.1c.ru/8.2/managed-application/core">CallLog</permission>
		<use xmlns="http://v8.1c.ru/8.2/managed-application/core">true</use>
	</requiredPermission>
	<requiredPermission>
		<permission xmlns="http://v8.1c.ru/8.2/managed-application/core">HandlePhoneCalls</permission>
		<use xmlns="http://v8.1c.ru/8.2/managed-application/core">true</use>
	</requiredPermission>
	<requiredPermission>
		<permission xmlns="http://v8.1c.ru/8.2/managed-application/core">SendSMS</permission>
		<use xmlns="http://v8.1c.ru/8.2/managed-application/core">true</use>
	</requiredPermission>
	<requiredPermission>
		<permission xmlns="http://v8.1c.ru/8.2/managed-application/core">ReceiveSMS</permission>
		<use xmlns="http://v8.1c.ru/8.2/managed-application/core">true</use>
	</requiredPermission>
	<requiredPermission>
		<permission xmlns="http://v8.1c.ru/8.2/managed-application/core">SMSLog</permission>
		<use xmlns="http://v8.1c.ru/8.2/managed-application/core">true</use>
	</requiredPermission>
	<requiredPermission>
		<permission xmlns="http://v8.1c.ru/8.2/managed-application/core">Camera</permission>
		<use xmlns="http://v8.1c.ru/8.2/managed-application/core">true</use>
	</requiredPermission>
	<requiredPermission>
		<permission xmlns="http://v8.1c.ru/8.2/managed-application/core">Microphone</permission>
		<use xmlns="http://v8.1c.ru/8.2/managed-application/core">true</use>
	</requiredPermission>
	<requiredPermission>
		<permission xmlns="http://v8.1c.ru/8.2/managed-application/core">MusicLibrary</permission>
		<use xmlns="http://v8.1c.ru/8.2/managed-application/core">true</use>
	</requiredPermission>
	<requiredPermission>
		<permission xmlns="http://v8.1c.ru/8.2/managed-application/core">PicturesAndVideoLibraries</permission>
		<use xmlns="http://v8.1c.ru/8.2/managed-application/core">true</use>
	</requiredPermission>
	<requiredPermission>
		<permission xmlns="http://v8.1c.ru/8.2/managed-application/core">AudioAndVibrationPlayback</permission>
		<use xmlns="http://v8.1c.ru/8.2/managed-application/core">true</use>
	</requiredPermission>
</MobileAppInfo>